Rank,Name,Platform,Year,Genre,Publisher,NA_Sales,EU_Sales,JP_Sales,Other_Sales,Global_Sales
14941,Stake: Fortune Fighters,XB,2003.0,Fighting,Metro 3D,0.02,0.01,0.0,0.0,0.02
9817,Street Hoops,GC,,Sports,Unknown,0.09,0.02,0.0,0.0,0.12
9224,Wild ARMs XF,PSP,2007.0,Role-Playing,505 Games,0.07,0.0,0.06,0.01,0.14
15756,Memories Off: Yubikiri no Kikou,PSP,2011.0,Adventure,5pb,0.0,0.0,0.02,0.0,0.02
1398,Hannah Montana: Spotlight World Tour,Wii,2007.0,Action,Disney Interactive Studios,0.87,0.38,0.0,0.13,1.39
3429,Final Fantasy Anniversary Edition,PSP,2007.0,Role-Playing,Square Enix,0.39,0.02,0.13,0.04,0.59
9140,Lord of the Rings: Tactics,PSP,2005.0,Strategy,Electronic Arts,0.11,0.02,0.0,0.02,0.14
10307,Hellboy: The Science of Evil,X360,2008.0,Action,Konami Digital Entertainment,0.1,0.0,0.0,0.01,0.11
14645,Mystery Trackers: The Void,PC,2011.0,Puzzle,Focus Home Interactive,0.0,0.02,0.0,0.01,0.03
11473,Knights Contract,X360,2011.0,Action,Namco Bandai Games,0.05,0.03,0.0,0.01,0.08
15925,Gaku ? Ou: The Royal Seven Stars,PSP,2012.0,Role-Playing,Alchemist,0.0,0.0,0.02,0.0,0.02
1251,The Simpsons Game,PS2,2007.0,Action,Electronic Arts,0.35,0.03,0.0,1.13,1.51
9964,Lunar 2: Eternal Blue,SAT,1998.0,Role-Playing,Kadokawa Shoten,0.0,0.0,0.12,0.0,0.12
2806,Practise English!,DS,2007.0,Misc,Nintendo,0.0,0.0,0.73,0.0,0.73
14868,Moyashimon DS,DS,2009.0,Action,Takara Tomy,0.0,0.0,0.03,0.0,0.03
669,Tony Hawk's Underground 2,PS2,2004.0,Sports,Activision,1.25,0.86,0.01,0.26,2.37
14747,Bleach: Soul Carnival 2,PSP,2009.0,Fighting,Sony Computer Entertainment,0.0,0.0,0.03,0.0,0.03
12068,Command & Conquer 3: Tiberium Wars,PC,2007.0,Strategy,Electronic Arts,0.0,0.06,0.0,0.01,0.07
14325,Smart Girl's Winter Wonderland,DS,2008.0,Misc,UFO Interactive,0.03,0.0,0.0,0.0,0.03
11292,Sega GT Online,XB,2003.0,Racing,Sega,0.06,0.02,0.0,0.0,0.08
10922,Puyo Pop Fever (JP sales),DS,2004.0,Puzzle,Ignition Entertainment,0.0,0.0,0.09,0.0,0.09
8753,NHL 17,XOne,2016.0,Sports,Electronic Arts,0.13,0.01,0.0,0.02,0.15
8508,Lethal Skies II,PS2,2003.0,Simulation,Sammy Corporation,0.08,0.06,0.0,0.02,0.16
6415,Super Nazo Puyo: Ruruu no Ruu,SNES,1995.0,Puzzle,Banpresto,0.0,0.0,0.27,0.0,0.27
661,WCW/nWo Revenge,N64,1998.0,Fighting,THQ,1.94,0.39,0.03,0.02,2.38
12482,World Series of Poker 2008: Battle for the Bracelets,DS,2007.0,Misc,Activision,0.05,0.0,0.0,0.0,0.06
4901,LEGO Star Wars III: The Clone Wars,PSP,2011.0,Action,LucasArts,0.14,0.17,0.0,0.09,0.39
5919,Reel Fishing: Angler's Dream,Wii,2009.0,Sports,Zushi Games,0.26,0.01,0.0,0.02,0.3
13238,Finny the Fish & the Seven Waters,PS2,2004.0,Sports,Sony Computer Entertainment,0.02,0.02,0.0,0.01,0.05
2435,NBA 2K8,X360,2007.0,Sports,Take-Two Interactive,0.79,0.0,0.0,0.07,0.85
5930,The Sims 2: Pets,PS2,2006.0,Simulation,Electronic Arts,0.02,0.01,0.0,0.27,0.3
3461,Tom Clancy's HAWX,X360,2009.0,Action,Ubisoft,0.31,0.19,0.02,0.06,0.58
1841,Donkey Kong Jr.,NES,1983.0,Platform,Nintendo,0.33,0.07,0.7,0.01,1.11
12148,Freddi Fish: Kelp Seed Mystery,Wii,2008.0,Adventure,Majesco Entertainment,0.06,0.0,0.0,0.0,0.07
9108,Krull,2600,1982.0,Action,Atari,0.13,0.01,0.0,0.0,0.14
13925,Don Bradman Cricket 14,XOne,2015.0,Sports,Tru Blu Entertainment,0.0,0.04,0.0,0.0,0.04
954,Sonic & Knuckles,GEN,1994.0,Platform,Sega,1.24,0.43,0.03,0.12,1.82
15364,Prehistorik Man,GBA,2001.0,Platform,THQ,0.01,0.01,0.0,0.0,0.02
1857,WWE SmackDown vs. Raw 2011,PS3,2010.0,Fighting,THQ,0.44,0.46,0.01,0.18,1.1
2919,Jade Empire,XB,2005.0,Role-Playing,Microsoft Game Studios,0.48,0.19,0.0,0.03,0.7
10957,Get Fit with Mel B,Wii,2010.0,Sports,Black Bean Games,0.03,0.05,0.0,0.01,0.09
9228,NBA 2K13,WiiU,2012.0,Sports,Take-Two Interactive,0.08,0.04,0.0,0.01,0.14
6670,SpongeBob's Truth or Square (US sales),X360,2009.0,Action,THQ,0.25,0.0,0.0,0.0,0.25
1282,Wario Land II,GB,1997.0,Platform,Nintendo,0.7,0.35,0.39,0.04,1.48
16144,Furious Karting,XB,2003.0,Racing,Atari,0.01,0.0,0.0,0.0,0.01
12329,Order Up!!,PS3,2011.0,Action,Funbox Media,0.04,0.01,0.0,0.01,0.06
2230,Sonic Riders: Zero Gravity,Wii,2008.0,Racing,Sega,0.5,0.32,0.02,0.1,0.93
14749,Tiger & Bunny: On-Air Jack!,PSP,2012.0,Action,Namco Bandai Games,0.0,0.0,0.03,0.0,0.03
11143,Major League Baseball 2K12,PSP,2012.0,Sports,Take-Two Interactive,0.08,0.0,0.0,0.01,0.09
13687,Chaos;Head - Love Chu*Chu!,PSP,2011.0,Adventure,5pb,0.0,0.0,0.04,0.0,0.04
3857,J-League Pro Soccer Club o Tsukurou! 3,PS2,2003.0,Sports,Sega,0.0,0.0,0.52,0.0,0.52
10365,Lego Star Wars: The Force Awakens,X360,2016.0,Action,Warner Bros. Interactive Entertainment,0.04,0.06,0.0,0.01,0.11
3849,Rival Schools: United By Fate,PS,1998.0,Fighting,Capcom,0.12,0.08,0.28,0.03,0.52
16057,Samurai Shodown Anthology (JP sales),PS2,2008.0,Fighting,Ignition Entertainment,0.0,0.0,0.01,0.0,0.01
8841,Syndicate,PS3,2012.0,Shooter,EA Games,0.07,0.06,0.0,0.02,0.15
13449,Kimi ni Todoke: Tsutaeru Kimochi,DS,2011.0,Adventure,Banpresto,0.0,0.0,0.05,0.0,0.05
302,Left 4 Dead 2,X360,2009.0,Shooter,Electronic Arts,2.67,0.89,0.05,0.37,3.99
8575,Ener-G: Dance Squad,DS,2008.0,Sports,Ubisoft,0.15,0.0,0.0,0.01,0.16
2804,Kirby: Canvas Curse,DS,2005.0,Platform,Nintendo,0.37,0.0,0.32,0.04,0.73
372,Resident Evil 5,X360,2009.0,Action,Capcom,2.11,0.94,0.12,0.34,3.51
5964,Mini Ninjas,X360,2009.0,Action,Eidos Interactive,0.12,0.14,0.0,0.03,0.29
14709,Akane Iro ni Somaru Saka Parallel,PS2,2008.0,Adventure,GN Software,0.0,0.0,0.03,0.0,0.03
614,Marvel: Ultimate Alliance,X360,2006.0,Role-Playing,Activision,2.29,0.02,0.0,0.19,2.5
4866,Command & Conquer,PS,1996.0,Strategy,Virgin Interactive,0.22,0.15,0.0,0.03,0.4
1451,Monster Hunter Freedom,PSP,2005.0,Role-Playing,Capcom,0.24,0.04,1.03,0.04,1.35
243,Dragon Quest VII: Warriors of Eden,PS,2000.0,Role-Playing,Enix Corporation,0.2,0.14,4.1,0.02,4.47
16566,Mortal Kombat: Deadly Alliance,GBA,2002.0,Fighting,Midway Games,0.01,0.0,0.0,0.0,0.01
8327,NBA 09: The Inside,PSP,2008.0,Sports,Sony Computer Entertainment,0.16,0.0,0.0,0.01,0.17
4615,NBA Live 06,PSP,2005.0,Sports,Electronic Arts,0.39,0.0,0.0,0.03,0.42
1196,Mafia II,X360,2010.0,Action,Take-Two Interactive,0.84,0.56,0.0,0.15,1.55
14039,Super Robot Taisen: Scramble Commander the 2nd,PS2,2007.0,Strategy,Banpresto,0.0,0.0,0.04,0.0,0.04
10497,Revolution X,PS,1995.0,Shooter,Acclaim Entertainment,0.06,0.04,0.0,0.01,0.1
8655,Left Brain Right Brain: Use Both Hands Train Both Sides,DS,2007.0,Misc,505 Games,0.15,0.0,0.0,0.01,0.16
1991,MVP Baseball 2003,PS2,2003.0,Sports,Electronic Arts,0.51,0.4,0.0,0.13,1.04
1285,Fight Night 2004,PS2,2004.0,Fighting,Electronic Arts,1.08,0.2,0.0,0.2,1.48
3961,Monster Hunter Freedom 2,PS3,2011.0,Role-Playing,Capcom,0.0,0.0,0.5,0.0,0.5
2542,The Legend of Zelda: Four Swords Adventures,GC,2004.0,Action,Nintendo,0.63,0.16,0.0,0.02,0.81
7291,Order Up!,Wii,2008.0,Misc,Zoo Digital Publishing,0.19,0.01,0.0,0.02,0.22
14531,R-Type III: The Third Lightning,GBA,2004.0,Shooter,Zoo Digital Publishing,0.02,0.01,0.0,0.0,0.03
14887,LEGO Pirates of the Caribbean: The Video Game,PC,2011.0,Action,Disney Interactive Studios,0.02,0.0,0.0,0.0,0.03
2567,Yakuza,PS2,2005.0,Action,Sega,0.03,0.02,0.74,0.01,0.8
12730,Aggressive Inline,GC,2002.0,Sports,Acclaim Entertainment,0.04,0.01,0.0,0.0,0.06
13430,Tropico 3,PC,2009.0,Strategy,Kalypso Media,0.0,0.04,0.0,0.01,0.05
4245,Stuart Little 2,GBA,2002.0,Platform,Activision,0.33,0.12,0.0,0.01,0.46
14957,Steel Battalion: Line of Contact,XB,2004.0,Simulation,Capcom,0.02,0.01,0.0,0.0,0.02
8313,Jillian Michaels Fitness Ultimatum 2011,Wii,2010.0,Sports,D3Publisher,0.16,0.0,0.0,0.01,0.17
7955,Thomas the Tank Engine & Friends,GBA,2004.0,Adventure,,0.13,0.05,0.0,0.0,0.19
9879,NBA 2K2,GC,2002.0,Sports,Sega,0.09,0.02,0.0,0.0,0.12
15874,Full House Kiss 2,PS2,2006.0,Adventure,Capcom,0.0,0.0,0.02,0.0,0.02
5904,Pride FC: Fighting Championships,PS2,2003.0,Fighting,THQ,0.15,0.11,0.0,0.04,0.3
6231,SimCity 2000,SAT,1994.0,Simulation,Sega,0.0,0.0,0.28,0.0,0.28
254,Resistance: Fall of Man,PS3,2006.0,Shooter,Sony Computer Entertainment,1.73,1.73,0.14,0.75,4.35
4621,Ghost Trick: Phantom Detective,DS,2010.0,Adventure,Capcom,0.2,0.08,0.12,0.03,0.42
13696,WarJetz,PS2,2001.0,Shooter,3DO,0.02,0.02,0.0,0.01,0.04
9334,Peppa Pig: Fun and Games,Wii,2010.0,Misc,Ubisoft,0.0,0.12,0.0,0.02,0.13
12904,Zapper: One Wicked Cricket!,XB,2002.0,Platform,Infogrames,0.04,0.01,0.0,0.0,0.05
2429,Forza Horizon 2,X360,2014.0,Racing,Microsoft Game Studios,0.35,0.43,0.0,0.07,0.85
3337,Hot Shots Golf: World Invitational,PSV,2011.0,Sports,Sony Computer Entertainment,0.19,0.11,0.25,0.06,0.6
14104,Zenkoku Dekotora Matsuri,Wii,2008.0,Racing,Jaleco,0.0,0.0,0.03,0.0,0.03
9856,Tom Clancy's EndWar,PSP,2008.0,Strategy,Ubisoft,0.1,0.01,0.0,0.01,0.12
2617,Ghost Squad,Wii,2007.0,Shooter,Sega,0.42,0.21,0.08,0.07,0.79
11876,Viewpoint,PS,1995.0,Shooter,Electronic Arts,0.04,0.03,0.0,0.0,0.07
779,Borderlands,PS3,2009.0,Shooter,Take-Two Interactive,1.2,0.62,0.0,0.29,2.11
10102,Stronghold Kingdoms,PC,2011.0,Strategy,DTP Entertainment,0.0,0.1,0.0,0.02,0.11
3439,Mega Man X7,PS2,2003.0,Action,Capcom,0.22,0.17,0.14,0.06,0.58
13215,NBA 2K,DC,1999.0,Sports,Sega,0.0,0.0,0.05,0.0,0.05
13839,Tokimeki Mahjong Paradise: Koi no Tenpai Beat,SAT,1995.0,Misc,Sonnet,0.0,0.0,0.04,0.0,0.04
13837,Dreamfall: The Longest Journey,XB,2006.0,Adventure,Empire Interactive,0.03,0.01,0.0,0.0,0.04
8586,Jikkyou Powerful Pro Yakyuu Basic-han 2001,N64,2001.0,Sports,Konami Digital Entertainment,0.0,0.0,0.12,0.04,0.16
11342,FIFA Street 2,XB,2006.0,Sports,Electronic Arts,0.06,0.02,0.0,0.0,0.08
5180,NARC,PS2,2005.0,Shooter,Midway Games,0.18,0.14,0.0,0.05,0.36
2010,ZhuZhu Pets,DS,2010.0,Simulation,Activision,0.68,0.27,0.0,0.09,1.04
12142,The Tale of Despereaux,DS,2008.0,Platform,Brash Entertainment,0.06,0.0,0.0,0.0,0.07
320,Mario & Luigi: Bowser's Inside Story,DS,2009.0,Role-Playing,Nintendo,2.26,0.48,0.81,0.27,3.83
5324,Yu-Gi-Oh! 5D's Tag Force 5,PSP,2010.0,Strategy,Konami Digital Entertainment,0.13,0.05,0.14,0.03,0.35
13536,Conflict: Desert Storm II - Back to Bagdhad,GC,2004.0,Shooter,SCi,0.03,0.01,0.0,0.0,0.04
11430,Nobunaga's Ambition: Rise to Power,PS2,2004.0,Strategy,Tecmo Koei,0.0,0.0,0.08,0.0,0.08
1382,Spider-Man: The Movie,XB,2002.0,Action,Activision,1.07,0.28,0.0,0.05,1.4
7521,Sengoku Basara 2 Heroes,PS2,2007.0,Action,Capcom,0.0,0.0,0.2,0.0,0.2
3198,Tony Hawk's Project 8,PS3,2006.0,Sports,Activision,0.3,0.23,0.01,0.1,0.63
10223,Chopper Attack,N64,1997.0,Action,GT Interactive,0.09,0.02,0.0,0.0,0.11
5935,Harvest Moon DS Cute (US sales),DS,2005.0,Simulation,Marvelous Interactive,0.3,0.0,0.0,0.0,0.3
7165,Ben 10 Ultimate Alien: Cosmic Destruction,PS2,2010.0,Platform,D3Publisher,0.13,0.06,0.0,0.04,0.22
7512,Capcom Fighting Evolution,PS2,2004.0,Fighting,Capcom,0.1,0.08,0.0,0.03,0.2
13114,All Star Tennis 99,N64,1999.0,Sports,Ubisoft,0.04,0.01,0.0,0.0,0.05
13949,Magical Starsign (JP sales),DS,2006.0,Role-Playing,Nintendo,0.0,0.0,0.04,0.0,0.04
6547,Loving Life with Hello Kitty & Friends,DS,2011.0,Misc,Rising Star Games,0.15,0.08,0.0,0.02,0.26
7964,SD Gundam GX,SNES,1994.0,Strategy,Namco Bandai Games,0.0,0.0,0.19,0.0,0.19
759,Syphon Filter 2,PS,2000.0,Shooter,Sony Computer Entertainment,1.5,0.55,0.02,0.08,2.15
10180,Worms Forts: Under Siege,PS2,2004.0,Strategy,Acclaim Entertainment,0.05,0.04,0.0,0.01,0.11
849,Fire Emblem: Awakening,3DS,2012.0,Role-Playing,Nintendo,0.89,0.45,0.53,0.13,2.0
5638,Peppa Pig: Theme Park Fun,DS,2011.0,Misc,P2 Games,0.0,0.28,0.0,0.04,0.32
10715,Rio,X360,2011.0,Misc,THQ,0.05,0.03,0.0,0.01,0.1
11600,Outlaw Tennis,PS2,2005.0,Sports,Global Star,0.04,0.03,0.0,0.01,0.08
15490,Codename: Kids Next Door: Operation V.I.D.E.O.G.A.M.E.,XB,2005.0,Platform,Global Star,0.01,0.0,0.0,0.0,0.02
11160,Star Wars: Empire at War,PC,2006.0,Strategy,LucasArts,0.01,0.06,0.0,0.02,0.09
9413,Pro Baseball Spirits 2015,PSV,2015.0,Action,Konami Digital Entertainment,0.0,0.0,0.13,0.0,0.13
9366,Ben 10 Galactic Racing,3DS,2011.0,Racing,D3Publisher,0.07,0.06,0.0,0.01,0.13
14104,Zenkoku Dekotora Matsuri,Wii,2008.0,Racing,Jaleco,0.0,0.0,0.03,0.0,0.03
6146,Final Fantasy VI Advance,GBA,2006.0,Role-Playing,Nintendo,0.0,0.0,0.28,0.01,0.28
16171,Wallace & Gromit: Curse of the Were-Rabbit,XB,2005.0,Adventure,Konami Digital Entertainment,0.01,0.0,0.0,0.0,0.01
15428,Malice,PS2,2004.0,Platform,Evolved Games,0.01,0.01,0.0,0.0,0.02
13906,Saints Row 2,PC,2009.0,Action,THQ,0.0,0.03,0.0,0.01,0.04
3925,Picross DS,DS,2007.0,Puzzle,Nintendo,0.17,0.02,0.3,0.02,0.51
14399,Otomedius Gorgeous,X360,2008.0,Shooter,Konami Digital Entertainment,0.0,0.0,0.03,0.0,0.03
1439,Madden NFL 98,PS,1997.0,Sports,Electronic Arts,1.29,0.03,0.0,0.03,1.35
14887,LEGO Pirates of the Caribbean: The Video Game,PC,2011.0,Action,Disney Interactive Studios,0.02,0.0,0.0,0.0,0.03
14009,Napoleon Dynamite: The Game,PSP,2007.0,Puzzle,Crave Entertainment,0.03,0.0,0.0,0.0,0.04
10126,ECW Anarchy Rulz,PS,1999.0,Fighting,Acclaim Entertainment,0.06,0.04,0.0,0.01,0.11
8284,Sound Novel Evolution 1: Otogirisou Sosei-Hen,PS,1999.0,Adventure,ChunSoft,0.0,0.0,0.16,0.01,0.17
15246,GunParade Orchestra: Midori no Shou,PS2,2006.0,Adventure,Sony Computer Entertainment,0.0,0.0,0.02,0.0,0.02
2868,Dynasty Warriors 6,PS3,2007.0,Action,Tecmo Koei,0.18,0.08,0.41,0.04,0.71
6649,College Hoops 2K6,PS2,,Sports,Unknown,0.12,0.1,0.0,0.03,0.25
4362,World Soccer Winning Eleven 5 Final Evolution,PS2,2001.0,Sports,Konami Digital Entertainment,0.0,0.0,0.45,0.0,0.45
8066,Bloody Roar: Primal Fury,GC,2002.0,Fighting,Activision,0.14,0.04,0.0,0.0,0.18
3107,Up,DS,2009.0,Action,THQ,0.31,0.28,0.0,0.07,0.65
12220,Gundam Try Age SP,3DS,2014.0,Strategy,Namco Bandai Games,0.0,0.0,0.07,0.0,0.07
1224,NFL GameDay 99,PS,1998.0,Sports,989 Studios,1.44,0.05,0.0,0.04,1.53
11962,The Legend of Heroes VII: The Trail of Zero,PSV,2012.0,Role-Playing,Falcom Corporation,0.0,0.0,0.07,0.0,0.07
5208,Tetrisphere,N64,1997.0,Puzzle,Nintendo,0.29,0.06,0.0,0.0,0.36
2119,Driver: San Francisco,PS3,2011.0,Racing,Ubisoft,0.24,0.54,0.01,0.18,0.98
8592,Buck Bumble,N64,1998.0,Action,Ubisoft,0.13,0.03,0.0,0.0,0.16
8282,One Piece: Unlimited World Red,PSV,2014.0,Action,Namco Bandai Games,0.06,0.04,0.04,0.03,0.17
4514,Bionicle,PS2,2003.0,Action,Electronic Arts,0.21,0.17,0.0,0.06,0.43
3442,SpongeBob SquarePants featuring Nicktoons: Globs of Doom,PS2,2008.0,Action,THQ,0.29,0.22,0.0,0.07,0.58
12496,Neon Genesis Evangelion,N64,1999.0,Adventure,Namco Bandai Games,0.0,0.0,0.06,0.0,0.06
16265,"Hanayaka Kana, Ware ga Ichizoku",PSP,2010.0,Adventure,Idea Factory,0.0,0.0,0.01,0.0,0.01
12342,The Pinball of the Dead,GBA,2002.0,Misc,Sega,0.05,0.02,0.0,0.0,0.06
10521,God Eater 2: Rage Burst,PS4,2015.0,Role-Playing,Namco Bandai Games,0.0,0.01,0.09,0.0,0.1
4041,FIFA Soccer 09,DS,2008.0,Sports,Electronic Arts,0.12,0.31,0.0,0.06,0.49
6827,F1 2015,XOne,2015.0,Racing,Codemasters,0.08,0.15,0.0,0.02,0.24
15076,Falcon 4.0: Allied Force,PC,2005.0,Simulation,Graphsim Entertainment,0.0,0.02,0.0,0.0,0.02
5603,Overlord II,PS3,2009.0,Action,Codemasters,0.11,0.15,0.0,0.06,0.32
16412,"Element Girl: Love, Fashion and Friends",DS,2008.0,Adventure,DTP Entertainment,0.0,0.01,0.0,0.0,0.01
7991,EverQuest Online Adventures: Frontiers,PS2,2003.0,Role-Playing,Sony Online Entertainment,0.09,0.07,0.0,0.02,0.19
14993,Bomberman Fantasy Race,PS,1998.0,Racing,Virgin Interactive,0.01,0.01,0.0,0.0,0.02
1243,Madden NFL 15,XOne,2014.0,Sports,Electronic Arts,1.3,0.09,0.0,0.12,1.51
16005,Red Stone DS: Akaki Ishi ni Michibikareshi Monotachi,DS,2011.0,Role-Playing,Unknown,0.0,0.0,0.01,0.0,0.01
11271,Virtua Fighter CG Portrait Series Vol.2: Jacky Bryant,SAT,1995.0,Misc,Sega,0.0,0.0,0.08,0.0,0.08
11739,Kinnikuman Muscle Grand Prix Max 2: Tokumori,PS2,2008.0,Fighting,Namco Bandai Games,0.0,0.0,0.07,0.0,0.07
3697,Medarot 2: Kabuto / Kuwagata Version,GB,1999.0,Role-Playing,Imagineer,0.0,0.0,0.54,0.0,0.54
8512,Kamaitachi no Yoru × 3,PS2,2006.0,Adventure,Sega,0.0,0.0,0.16,0.0,0.16
114,Need for Speed Underground 2,PS2,2004.0,Racing,Electronic Arts,2.71,3.02,0.08,1.09,6.9
15985,Super Battle For Money Sentouchuu: Kyuukyoku no Shinobu to Battle Player Choujou Kessen!,3DS,2016.0,Action,Namco Bandai Games,0.0,0.0,0.01,0.0,0.01
15309,Shaberu! DS Oryouri Navi: Marugoto Teikoku Hotel: Saikouhou no Ryouri-chou ga Oshieru Katei Ryouri,DS,2007.0,Misc,Tecmo Koei,0.0,0.0,0.02,0.0,0.02
12705,Mirror's Edge,PC,2009.0,Platform,Electronic Arts,0.0,0.05,0.0,0.01,0.06
6035,Jewel Quest Mysteries: Curse of the Emerald Tear,DS,2010.0,Puzzle,Avanquest,0.0,0.25,0.0,0.04,0.29
14072,"My World, My Way (US sales)",DS,2008.0,Role-Playing,Global A Entertainment,0.04,0.0,0.0,0.0,0.04
10193,Kouchuu Ouja Mushi King: Super Collection,DS,2007.0,Action,Sega,0.0,0.0,0.11,0.0,0.11
10416,SimCity 2000,GBA,2003.0,Simulation,Zoo Digital Publishing,0.08,0.03,0.0,0.0,0.11
1727,Medal of Honor: Warfighter,X360,2012.0,Action,Electronic Arts,0.58,0.47,0.01,0.1,1.17
5334,Farming Simulator 2015,PS4,2015.0,Simulation,Koch Media,0.1,0.2,0.0,0.05,0.35
9937,The Clique: Diss and Make Up,DS,2009.0,Adventure,Warner Bros. Interactive Entertainment,0.11,0.0,0.0,0.01,0.12
94,Call of Duty: Advanced Warfare,PS4,2014.0,Shooter,Activision,2.8,3.3,0.14,1.37,7.6
14018,Challenge Me: Word Puzzles,DS,2011.0,Puzzle,O-Games,0.03,0.0,0.0,0.0,0.04
11342,FIFA Street 2,XB,2006.0,Sports,Electronic Arts,0.06,0.02,0.0,0.0,0.08
7734,The Great Escape,PS2,2003.0,Action,SCi,0.1,0.07,0.0,0.02,0.2
15395,Crayon Shin-Chan: Uchuu de Achoo!? Yuujou no Oba-Karate!!,3DS,2011.0,Action,Namco Bandai Games,0.0,0.0,0.02,0.0,0.02
10671,Over the Hedge,XB,2006.0,Platform,Activision,0.07,0.02,0.0,0.0,0.1
211,Uncharted: Drake's Fortune,PS3,2007.0,Action,Sony Computer Entertainment,2.31,1.73,0.12,0.78,4.94
2634,Metroid Prime Hunters,DS,2006.0,Shooter,Nintendo,0.58,0.04,0.11,0.06,0.78
10628,Nodame Cantabile,DS,2007.0,Misc,Namco Bandai Games,0.0,0.0,0.1,0.0,0.1
16039,Utawarerumono: Futari no Hakuoro,PS3,2016.0,Misc,Aqua Plus,0.0,0.0,0.01,0.0,0.01
2237,Toy Story 2: Buzz Lightyear to the Rescue!,N64,1999.0,Platform,Activision,0.71,0.2,0.0,0.01,0.93
11554,Just Dance: Disney Party 2,WiiU,2015.0,Action,Ubisoft,0.06,0.01,0.0,0.01,0.08
6990,SSX On Tour,PSP,2005.0,Sports,Electronic Arts,0.19,0.02,0.0,0.02,0.23
617,Saints Row: The Third,PS3,2011.0,Action,THQ,0.86,1.06,0.18,0.39,2.49
12995,Hysteria Hospital: Emergency Ward,Wii,2009.0,Action,Oxygen Interactive,0.05,0.0,0.0,0.0,0.05
6021,Ys: Memories of Celceta,PSV,2012.0,Action,Nihon Falcom Corporation,0.15,0.01,0.1,0.04,0.29
4371,Petz: Catz 2,Wii,2007.0,Simulation,Ubisoft,0.41,0.01,0.0,0.03,0.45
3681,Turok: Evolution,XB,2002.0,Shooter,Acclaim Entertainment,0.39,0.14,0.0,0.02,0.55
15658,Ozzy & Drix,GBA,2003.0,Platform,Midway Games,0.01,0.0,0.0,0.0,0.02
11484,The Witch and the Hundred Knight,PS4,2015.0,Role-Playing,Nippon Ichi Software,0.02,0.01,0.05,0.01,0.08
1146,Super Mario Strikers,GC,2005.0,Sports,Nintendo,0.98,0.38,0.2,0.04,1.61
15569,TV Anime Idolm@ster: Cinderella Girls G4U! Pack Vol.8,PS3,2016.0,Misc,Namco Bandai Games,0.0,0.0,0.02,0.0,0.02
12696,Burning Rangers,SAT,1998.0,Platform,Sega,0.0,0.0,0.06,0.0,0.06
9146,Your Shape: Fitness Evolved 2013,WiiU,2012.0,Action,Ubisoft,0.06,0.07,0.0,0.01,0.14
14125,Apache: Air Assault,PC,2010.0,Simulation,Just Flight,0.0,0.03,0.0,0.01,0.03
14609,Detective Opera: Milky Holmes 2,PSP,2012.0,Adventure,BushiRoad,0.0,0.0,0.03,0.0,0.03
2593,Tales of Destiny 2,PS2,2002.0,Role-Playing,Namco Bandai Games,0.0,0.0,0.8,0.0,0.8
5183,Tiger Woods PGA Tour 09,PSP,2008.0,Sports,Electronic Arts,0.07,0.19,0.0,0.1,0.36
4449,Gundam SEED: Federation vs. Z.A.F.T.,PS2,2005.0,Shooter,Namco Bandai Games,0.0,0.0,0.44,0.0,0.44
10816,ReCore,XOne,2016.0,Action,Microsoft Game Studios,0.06,0.03,0.0,0.01,0.1
409,The Lord of the Rings: The Return of the King,PS2,2003.0,Action,Electronic Arts,1.5,1.28,0.05,0.46,3.28
2678,My Baby Girl,DS,2008.0,Simulation,Nobilis,0.61,0.1,0.0,0.06,0.77
2399,Fight Night Round 2,PS2,2005.0,Fighting,Electronic Arts,0.72,0.03,0.0,0.12,0.87
983,Wii Party U,WiiU,2013.0,Misc,Nintendo,0.31,0.54,0.84,0.08,1.77
7789,New Love Plus,3DS,2012.0,Simulation,Konami Digital Entertainment,0.0,0.0,0.19,0.0,0.19
509,Mortal Kombat,PS3,2011.0,Fighting,Warner Bros. Interactive Entertainment,1.98,0.55,0.0,0.32,2.85
3844,DC Universe Online,PS3,2011.0,Role-Playing,Sony Online Entertainment,0.35,0.12,0.0,0.06,0.52
1335,SingStar Pop,PS2,2007.0,Misc,Sony Computer Entertainment,0.04,1.08,0.0,0.32,1.44
15792,Dark Void,PC,2010.0,Action,Capcom,0.0,0.01,0.0,0.0,0.02
6555,F1 2014,X360,2014.0,Racing,Codemasters,0.08,0.15,0.0,0.02,0.26
3756,The Incredible Hulk: Ultimate Destruction,PS2,2005.0,Action,Vivendi Games,0.26,0.2,0.0,0.07,0.54
7072,Naruto Shippuden: Ninja Council 4,DS,2007.0,Action,Nintendo,0.09,0.0,0.13,0.01,0.23
8283,Space Battleship Yamato: Harukanaru Hoshi Iscandar,PS,1999.0,Strategy,Namco Bandai Games,0.0,0.0,0.16,0.01,0.17
9237,PaRappa The Rapper,PSP,2006.0,Misc,Sony Computer Entertainment,0.1,0.0,0.02,0.01,0.14
11856,Romance of the Three Kingdoms XI,PS2,2007.0,Strategy,Tecmo Koei,0.0,0.0,0.07,0.0,0.07
10573,Digimon Adventure,PSP,2013.0,Role-Playing,Namco Bandai Games,0.0,0.0,0.1,0.0,0.1
13129,DiRT 2,PC,2009.0,Racing,Codemasters,0.0,0.04,0.0,0.01,0.05
10032,Brain Quest: Grades 5 & 6,DS,2008.0,Misc,Electronic Arts,0.11,0.0,0.0,0.01,0.11
10777,MotoGP 2,XB,2003.0,Racing,THQ,0.07,0.02,0.0,0.0,0.1
661,WCW/nWo Revenge,N64,1998.0,Fighting,THQ,1.94,0.39,0.03,0.02,2.38
94,Call of Duty: Advanced Warfare,PS4,2014.0,Shooter,Activision,2.8,3.3,0.14,1.37,7.6
11922,Karaoke Revolution Party,GC,2005.0,Misc,Konami Digital Entertainment,0.05,0.01,0.0,0.0,0.07
4811,The Incredibles: Rise of the Underminer,GBA,2005.0,Action,THQ,0.29,0.11,0.0,0.01,0.4
96,Crash Bandicoot 2: Cortex Strikes Back,PS,1997.0,Platform,Sony Computer Entertainment,3.78,2.17,1.31,0.31,7.58
6737,Dood's Big Adventure,Wii,2010.0,Platform,THQ,0.22,0.01,0.0,0.02,0.25
11272,IHRA Drag Racing: Sportsman Edition,PS2,2006.0,Racing,Bethesda Softworks,0.04,0.03,0.0,0.01,0.08
14794,Runabout 3: Neo Age,PS2,2002.0,Racing,BAM! Entertainment,0.0,0.0,0.03,0.0,0.03
2111,Mario Party Advance,GBA,2005.0,Misc,Nintendo,0.5,0.19,0.28,0.02,0.98
14446,Dancing Blade II: Tears of Eden,PS,1999.0,Adventure,Konami Digital Entertainment,0.0,0.0,0.03,0.0,0.03
908,LEGO Star Wars III: The Clone Wars,Wii,2011.0,Action,LucasArts,1.08,0.66,0.0,0.17,1.91
5349,Pirates of the Caribbean: At World's End,DS,2007.0,Action,Disney Interactive Studios,0.3,0.01,0.01,0.03,0.35
5069,EyeToy Play 2,PS2,2004.0,Misc,Sony Computer Entertainment,0.18,0.14,0.0,0.05,0.38
10961,Return Fire,PS,1996.0,Strategy,Time Warner Interactive,0.05,0.03,0.0,0.01,0.09
12608,Crazy Chicken: Pharaoh's Treasure,DS,2007.0,Puzzle,Phenomedia,0.05,0.0,0.0,0.0,0.06
9587,Surf Riders,PS,1999.0,Sports,Ubisoft,0.07,0.05,0.0,0.01,0.13
5532,My Baby: First Steps,DS,2009.0,Simulation,SouthPeak Games,0.28,0.03,0.0,0.02,0.33
6252,Castlevania: Aria of Sorrow,GBA,2003.0,Platform,Konami Digital Entertainment,0.2,0.07,0.0,0.0,0.28
9225,Doukyuusei,TG16,1995.0,Adventure,NEC,0.0,0.0,0.14,0.0,0.14
1787,Brave Fencer Musashi,PS,1998.0,Role-Playing,SquareSoft,0.25,0.17,0.65,0.07,1.14
5442,Operation Flashpoint: Red River,PS3,2011.0,Shooter,Codemasters,0.06,0.15,0.07,0.05,0.33
12567,World Soccer Winning Eleven 9 (US sales),PSP,2005.0,Sports,Konami Digital Entertainment,0.05,0.0,0.0,0.0,0.06
14168,MotoGP,PSP,2006.0,Racing,Sony Computer Entertainment,0.03,0.0,0.0,0.0,0.03
3092,Taiko no Tatsujin DS: Touch de Dokodon!,DS,2007.0,Misc,Namco Bandai Games,0.0,0.0,0.66,0.0,0.66
4608,NiGHTS: Journey of Dreams,Wii,2007.0,Platform,Sega,0.33,0.03,0.04,0.03,0.42
8229,Mark Davis Pro Bass Challenge,PS2,2002.0,Sports,Natsume,0.09,0.07,0.0,0.02,0.17
208,Guitar Hero III: Legends of Rock,PS2,2007.0,Misc,Activision,3.49,0.01,0.01,1.48,4.98
15280,"Renai Banchou: Inochi Meishi, Koiseyo Otome! Love is Power!!!",PSP,2010.0,Adventure,Idea Factory,0.0,0.0,0.02,0.0,0.02
13197,Classic Dungeon X2,PSP,2011.0,Role-Playing,Nippon Ichi Software,0.0,0.0,0.05,0.0,0.05
15789,Mana Khemia 2: Ochita Gakuen to Renkinjutsushi Tachi Portable+,PSP,2009.0,Role-Playing,Gust,0.0,0.0,0.02,0.0,0.02
11384,God Eater Resurrection,PS4,2015.0,Action,Namco Bandai Games,0.0,0.0,0.08,0.0,0.08
7640,Hot Wheels: Track Attack,Wii,2010.0,Racing,THQ,0.15,0.04,0.0,0.01,0.2
5838,Stranglehold,PS3,2007.0,Shooter,Midway Games,0.24,0.03,0.0,0.03,0.3
13004,Ferrari F355 Challenge,PS2,2002.0,Racing,Sony Computer Entertainment,0.03,0.02,0.0,0.01,0.05
10181,Alvin and the Chipmunks: Chipwrecked,DS,2011.0,Misc,505 Games,0.07,0.03,0.0,0.01,0.11
6759,Butt Ugly Martians: B.K.M. Battles,GBA,2002.0,Action,Vivendi Games,0.18,0.07,0.0,0.0,0.25
2712,Deer Drive,Wii,2009.0,Sports,Big Ben Interactive,0.67,0.04,0.0,0.05,0.76
2578,Goldeneye 007: Reloaded,PS3,2011.0,Shooter,Activision,0.33,0.35,0.0,0.13,0.8
14002,Smashing Drive,XB,2002.0,Racing,Namco Bandai Games,0.03,0.01,0.0,0.0,0.04
10842,Pac-Man World 3,GC,2005.0,Platform,Namco Bandai Games,0.07,0.02,0.0,0.0,0.09
8274,Watchmen: The End is Nigh - The Complete Experience,PS3,2009.0,Action,Warner Bros. Interactive Entertainment,0.08,0.07,0.0,0.02,0.17
2732,Spectrobes,DS,2007.0,Role-Playing,Disney Interactive Studios,0.67,0.03,0.0,0.06,0.75
14743,Kiniro no Corda 2 f Encore,PSP,2009.0,Role-Playing,Tecmo Koei,0.0,0.0,0.03,0.0,0.03
10970,Kawasaki Quad Bikes,Wii,2007.0,Racing,Data Design Interactive,0.07,0.01,0.0,0.01,0.09
3128,Star Ocean: First Departure,PSP,2007.0,Role-Playing,Square Enix,0.2,0.14,0.22,0.09,0.65
10446,Agatha Christie: The ABC Murders,DS,2009.0,Adventure,JoWood Productions,0.08,0.01,0.0,0.01,0.1
4054,Backyard Baseball,PS2,2004.0,Sports,Atari,0.24,0.19,0.0,0.06,0.49
12348,Bubble Bobble also featuring Rainbow Islands,PS,1995.0,Puzzle,Acclaim Entertainment,0.04,0.02,0.0,0.0,0.06
10377,Final Fantasy XII International Zodiac Job System,PS2,2007.0,Role-Playing,Square Enix,0.0,0.0,0.11,0.0,0.11
2372,Tekken Tag Tournament 2,PS3,2012.0,Fighting,Namco Bandai Games,0.28,0.33,0.13,0.14,0.88
8178,Driver: San Francisco,Wii,2011.0,Racing,Ubisoft,0.06,0.09,0.0,0.02,0.18
3974,Boogie,Wii,2007.0,Misc,Electronic Arts,0.43,0.03,0.0,0.04,0.5
13270,Venus & Braves: Majo to Megami to Horobi no Yogen,PSP,2011.0,Role-Playing,Namco Bandai Games,0.0,0.0,0.05,0.0,0.05
12960,Toy Soldiers: War Chest,XOne,2015.0,Action,Ubisoft,0.05,0.0,0.0,0.01,0.05
4072,Asphalt 3D,3DS,2011.0,Racing,Ubisoft,0.27,0.16,0.02,0.04,0.49
14379,Eyeshield 21: Field Saikyou no Senshi Tachi,Wii,2007.0,Role-Playing,Nintendo,0.0,0.0,0.03,0.0,0.03
5569,Dr. Mario / Puzzle League,GBA,2005.0,Puzzle,Nintendo,0.12,0.04,0.16,0.01,0.33
6020,Ford Mustang: The Legend Lives,PS2,2005.0,Racing,Take-Two Interactive,0.14,0.11,0.0,0.04,0.29
11763,Again,DS,2009.0,Adventure,Ackkstudios,0.07,0.0,0.0,0.0,0.07
2191,WWE SmackDown vs. Raw 2009,PS3,2008.0,Fighting,THQ,0.51,0.31,0.01,0.13,0.95
13641,Amnesia,PSP,2011.0,Adventure,Idea Factory,0.0,0.0,0.04,0.0,0.04
16191,Toro to Morimori,PS3,2009.0,Misc,Sony Computer Entertainment,0.0,0.0,0.01,0.0,0.01
2570,Moto Racer,PS,1997.0,Racing,Electronic Arts,0.45,0.3,0.0,0.05,0.8
1250,NBA Live 98,PS,1997.0,Sports,Electronic Arts,1.41,0.06,0.0,0.04,1.51
5686,Shrek the Third,PSP,2007.0,Action,Activision,0.08,0.15,0.0,0.09,0.32
8586,Jikkyou Powerful Pro Yakyuu Basic-han 2001,N64,2001.0,Sports,Konami Digital Entertainment,0.0,0.0,0.12,0.04,0.16
2482,WWE SmackDown vs. Raw 2009,Wii,2008.0,Fighting,THQ,0.44,0.31,0.0,0.08,0.83
7922,College Slam,PS,1995.0,Sports,Acclaim Entertainment,0.1,0.07,0.0,0.01,0.19
7547,Deal or No Deal: The Banker is Back!,DS,2008.0,Misc,Mindscape,0.0,0.2,0.0,0.0,0.2
8094,Tokyo Xtreme Racer DRIFT,PS2,2003.0,Racing,Genki,0.09,0.07,0.0,0.02,0.18
9431,SpongeBob's Surf & Skate Roadtrip,DS,2011.0,Action,THQ,0.11,0.02,0.0,0.01,0.13
8000,Fight Club,PS2,2004.0,Fighting,Vivendi Games,0.09,0.07,0.0,0.02,0.18
11052,Batman Beyond: Return of the Joker,N64,2000.0,Action,Ubisoft,0.07,0.02,0.0,0.0,0.09
10341,Paws & Claws: Pet Resort,Wii,2009.0,Simulation,THQ,0.1,0.0,0.0,0.01,0.11
7269,Hasbro Family Game Night,DS,2009.0,Puzzle,Electronic Arts,0.01,0.19,0.0,0.02,0.22
16490,Slotter Mania P: Tetsuya Shinjuku vs Ueno,PSP,2010.0,Misc,Dorart,0.0,0.0,0.01,0.0,0.01
7822,NBA Live 14,XOne,2013.0,Sports,Electronic Arts,0.16,0.02,0.0,0.01,0.19
9106,Pirates: The Legend of Black Kat,PS2,2002.0,Adventure,Electronic Arts,0.07,0.05,0.0,0.02,0.14
13805,Pure Pinball,XB,2004.0,Misc,XS Games,0.03,0.01,0.0,0.0,0.04
11976,Harry Potter and the Sorcerer's Stone,XB,2003.0,Action,Electronic Arts,0.05,0.02,0.0,0.0,0.07
7607,No More Heroes: Heroes' Paradise,PS3,2010.0,Action,Konami Digital Entertainment,0.1,0.04,0.04,0.02,0.2
929,Turok 2: Seeds of Evil,N64,1997.0,Platform,Acclaim Entertainment,1.37,0.41,0.04,0.04,1.86
9130,World Tour Soccer 2003,PS2,2002.0,Sports,Sony Computer Entertainment,0.07,0.05,0.0,0.02,0.14
11599,FabStyle,DS,2011.0,Strategy,Tecmo Koei,0.0,0.0,0.08,0.0,0.08
255,Sonic the Hedgehog,GEN,1991.0,Platform,Sega,3.03,0.91,0.26,0.13,4.34
12171,Rapala Pro Bass Fishing 2010,PSP,2010.0,Sports,Activision,0.06,0.0,0.0,0.01,0.07
2124,Pro Evolution Soccer 2014,PS3,2013.0,Action,Konami Digital Entertainment,0.03,0.43,0.51,0.01,0.98
3971,WWE 2K16,X360,2015.0,Sports,Take-Two Interactive,0.27,0.19,0.0,0.04,0.5
1135,Rock Band,PS3,,Misc,Electronic Arts,0.99,0.41,0.0,0.22,1.62
8720,Courier Crisis,PS,1997.0,Racing,BMG Interactive Entertainment,0.09,0.06,0.0,0.01,0.15
15999,Captain Morgane and the Golden Turtle,Wii,2012.0,Adventure,Reef Entertainment,0.0,0.01,0.0,0.0,0.01
8365,Fuzion Frenzy 2,X360,2007.0,Misc,Microsoft Game Studios,0.14,0.01,0.0,0.01,0.17
9344,NHL 2K8,X360,2007.0,Sports,Take-Two Interactive,0.11,0.01,0.0,0.01,0.13
3443,The Conduit,Wii,2009.0,Shooter,Sega,0.29,0.23,0.0,0.06,0.58
1757,Medal of Honor Heroes 2,PSP,2007.0,Shooter,Electronic Arts,0.5,0.39,0.02,0.25,1.16
386,Tekken 4,PS2,2002.0,Fighting,Namco Bandai Games,1.55,1.27,0.33,0.29,3.44
5859,Cart World Series,PS,1997.0,Racing,Sony Computer Entertainment,0.17,0.11,0.0,0.02,0.3
905,Star Wars: The Force Unleashed,Wii,2008.0,Action,LucasArts,1.14,0.57,0.0,0.19,1.91
812,UFC 2009 Undisputed,X360,2009.0,Fighting,THQ,1.48,0.39,0.0,0.19,2.07
5203,Big Bass World Championship,PS,1997.0,Sports,Starfish,0.2,0.14,0.0,0.02,0.36
3368,BeatMania Append 3rdMix,PS,1998.0,Simulation,Konami Digital Entertainment,0.0,0.0,0.56,0.04,0.6
9215,Ben 10 Galactic Racing,DS,2011.0,Racing,D3Publisher,0.1,0.03,0.0,0.01,0.14
3169,Gravity Rush,PSV,2012.0,Action,Sony Computer Entertainment,0.26,0.2,0.09,0.1,0.64
4478,Devil May Cry HD Collection,X360,2012.0,Action,Capcom,0.28,0.11,0.01,0.03,0.44
8927,The Walking Dead: Season Two,PSV,2014.0,Adventure,Telltale Games,0.1,0.0,0.01,0.03,0.15
5186,LocoRoco 2,PSP,2008.0,Platform,Sony Computer Entertainment,0.21,0.09,0.01,0.05,0.36
4458,"SpongeBob SquarePants: Lights, Camera, Pants!",GC,2005.0,Misc,THQ,0.34,0.09,0.0,0.01,0.44
15173,Dream Chronicles,DS,2010.0,Adventure,Zoo Games,0.02,0.0,0.0,0.0,0.02
3316,Major League Baseball 2K9,X360,2009.0,Sports,Spike,0.56,0.0,0.0,0.05,0.61
11179,Karaoke Revolution,XB,2004.0,Misc,Konami Digital Entertainment,0.06,0.02,0.0,0.0,0.09
7039,Last Window: The Secret of Cape West,DS,2010.0,Adventure,Nintendo,0.0,0.12,0.09,0.02,0.23
3545,Wreckless: ThE YaKuza MisSiOns,XB,2002.0,Racing,Activision,0.42,0.11,0.02,0.02,0.57
5668,Shin Momotarou Densetsu,SNES,1993.0,Role-Playing,Hudson Soft,0.0,0.0,0.32,0.0,0.32
11632,Ultimate Duck Hunting,Wii,2009.0,Sports,Zoo Digital Publishing,0.07,0.0,0.0,0.01,0.08
13667,GRID,PC,,Racing,Codemasters,0.0,0.03,0.0,0.01,0.04
10238,Transformers: Devastation,PS3,2015.0,Action,Activision,0.03,0.07,0.0,0.02,0.11
5706,MonHun Nikki: Poka Poka Ailu Mura G,PSP,2011.0,Role-Playing,Capcom,0.0,0.0,0.31,0.0,0.31
9772,Curious George,PS2,2006.0,Action,Namco Bandai Games,0.06,0.05,0.0,0.02,0.12
5813,Bruce Lee: Quest of the Dragon,XB,2002.0,Fighting,Universal Interactive,0.23,0.07,0.0,0.01,0.31
10518,Dora's Cooking Club,DS,2010.0,Misc,Take-Two Interactive,0.08,0.01,0.0,0.01,0.1
15699,Clover no Kuni no Alice: Wonderful Wonder World,PSP,2011.0,Adventure,Quinrose,0.0,0.0,0.02,0.0,0.02
9217,Super Puzzle Fighter II Turbo,PS,1996.0,Puzzle,Virgin Interactive,0.08,0.05,0.0,0.01,0.14
3428,Mega Man Anniversary Collection,PS2,2004.0,Platform,Capcom,0.29,0.22,0.0,0.08,0.59
12435,Shonen Jump's Shaman King: Legacy of the Spirits - Soaring Hawk/Sprinting Wolf,GBA,2005.0,Action,Konami Digital Entertainment,0.04,0.02,0.0,0.0,0.06
7550,State of Decay,XOne,2015.0,Strategy,Microsoft Game Studios,0.14,0.05,0.0,0.02,0.2
12391,Earth Defense Force 2017 Portable,PSV,2012.0,Action,D3Publisher,0.0,0.0,0.06,0.0,0.06
9727,Guardian's Crusade,PS,1998.0,Role-Playing,Activision,0.07,0.05,0.0,0.01,0.12
14858,The King of Fighters: Maximum Impact - Maniax,XB,,Fighting,Unknown,0.02,0.01,0.0,0.0,0.03
7956,Grand Slam Tennis 2,X360,2012.0,Sports,Electronic Arts,0.1,0.07,0.0,0.02,0.19
13773,Dolly Kanon Dokidoki Tokimeki Himitsu no Ongaku Katsudou Start Desu!!,3DS,2014.0,Adventure,Happinet,0.0,0.0,0.04,0.0,0.04
3410,Smurf: Rescue In Gargamel's Castle,2600,1981.0,Action,Coleco,0.55,0.03,0.0,0.01,0.59
4209,The Sims 3: Outdoor Living Stuff,PC,2011.0,Simulation,Electronic Arts,0.0,0.38,0.0,0.09,0.47
12496,Neon Genesis Evangelion,N64,1999.0,Adventure,Namco Bandai Games,0.0,0.0,0.06,0.0,0.06
963,Sly 2: Band of Thieves,PS2,2004.0,Platform,Sony Computer Entertainment,0.88,0.69,0.0,0.23,1.81
14997,Europa Universalis III Complete,PC,2008.0,Strategy,Paradox Interactive,0.0,0.02,0.0,0.0,0.02
8035,Borderlands,PC,2009.0,Shooter,Take-Two Interactive,0.01,0.14,0.0,0.04,0.18
16223,Dynasty Warriors: Eiketsuden,PS4,2016.0,Action,Tecmo Koei,0.0,0.0,0.01,0.0,0.01
15797,Judge Dredd: Dredd Vs Death,XB,2003.0,Shooter,Vivendi Games,0.01,0.0,0.0,0.0,0.02
1624,Vigilante 8,PS,1998.0,Racing,Activision,0.68,0.47,0.0,0.08,1.23
3474,Prince of Persia: The Two Thrones,XB,2005.0,Action,Ubisoft,0.33,0.22,0.0,0.03,0.58
10460,Ski-Doo Snowmobile Challenge,PS3,2009.0,Racing,PQube,0.1,0.0,0.0,0.01,0.1
1407,Persona 4: Golden,PSV,2012.0,Role-Playing,Atlus,0.46,0.34,0.38,0.21,1.38
1494,Fighting Force,PS,1997.0,Fighting,Eidos Interactive,0.73,0.5,0.0,0.09,1.32
16225,Carmageddon: Max Damage,XOne,2016.0,Action,Stainless Games,0.01,0.01,0.0,0.0,0.01
11711,Far Cry Instincts Evolution,XB,2006.0,Shooter,Ubisoft,0.06,0.02,0.0,0.0,0.08
8084,Pro Yaky? Spirits 2011,PS3,2011.0,Sports,Konami Digital Entertainment,0.0,0.0,0.18,0.0,0.18
4833,Atari Anthology,PS2,2004.0,Misc,Atari,0.33,0.01,0.0,0.05,0.4
11833,Commandos 2: Men of Courage,XB,2002.0,Strategy,Eidos Interactive,0.05,0.02,0.0,0.0,0.07
2926,Hannah Montana: The Movie,DS,2009.0,Adventure,Disney Interactive Studios,0.38,0.25,0.0,0.07,0.7
1985,Sonic the Hedgehog,X360,2006.0,Platform,Sega,0.44,0.49,0.0,0.11,1.05
7121,AC/DC LIVE: Rock Band Track Pack,X360,2008.0,Misc,MTV Games,0.21,0.0,0.0,0.02,0.23
1557,Pokemon Mystery Dungeon: Gates to Infinity,3DS,2012.0,Role-Playing,Nintendo,0.44,0.3,0.47,0.06,1.27
12985,Pony Friends: Mini Breeds Edition,DS,2008.0,Simulation,Eidos Interactive,0.05,0.0,0.0,0.0,0.05
1444,Alan Wake,X360,2010.0,Action,Microsoft Game Studios,0.66,0.51,0.05,0.13,1.35
7866,Quake,N64,1998.0,Shooter,GT Interactive,0.15,0.04,0.0,0.0,0.19
5627,Singularity,X360,,Shooter,Unknown,0.24,0.05,0.0,0.02,0.32
2212,NCAA Football 10,X360,2009.0,Sports,Electronic Arts,0.87,0.0,0.0,0.07,0.94
1869,Untold Legends: Brotherhood of the Blade,PSP,2005.0,Role-Playing,Activision,0.54,0.33,0.01,0.22,1.1
11749,Winter Sports 2: The Next Challenge,X360,2008.0,Sports,RTL,0.06,0.01,0.0,0.01,0.07
3177,Madden NFL 2001,N64,2000.0,Sports,Electronic Arts,0.6,0.03,0.0,0.01,0.64
10401,Yuusha no Kuse ni Namaikida Or 3D,PSP,2010.0,Strategy,Sony Computer Entertainment,0.0,0.0,0.11,0.0,0.11
14731,MySims,PC,2008.0,Simulation,Electronic Arts,0.0,0.02,0.0,0.0,0.03
2699,Lost Planet 2,X360,2010.0,Shooter,Capcom,0.38,0.24,0.08,0.06,0.76
4620,Jikkyou Powerful Pro Yakyuu 11,PS2,2004.0,Sports,Konami Digital Entertainment,0.0,0.0,0.42,0.0,0.42
962,Virtua Fighter 4,PS2,2002.0,Fighting,Sega,0.78,0.44,0.56,0.04,1.81
626,NBA 2K14,X360,2013.0,Sports,Take-Two Interactive,2.1,0.2,0.0,0.17,2.47
1336,Sonic Rivals,PSP,2006.0,Racing,Sega,0.73,0.42,0.0,0.28,1.44
6160,Godzilla: Domination!,GBA,2002.0,Fighting,Atari,0.2,0.07,0.0,0.01,0.28
7365,Tenchu: Return From Darkness,XB,2004.0,Action,Activision,0.16,0.05,0.0,0.01,0.21
4080,Harry Potter and the Order of the Phoenix,Wii,2007.0,Action,Electronic Arts,0.38,0.06,0.0,0.04,0.49
8978,Travel Games For Dummies,DS,2008.0,Misc,Electronic Arts,0.13,0.0,0.0,0.01,0.15
7434,Rumble Racing,PS2,2001.0,Racing,Electronic Arts,0.1,0.08,0.0,0.03,0.21
11105,Mad Dog McCree: Gunslinger Pack,Wii,2009.0,Shooter,Majesco Entertainment,0.08,0.0,0.0,0.01,0.09
3024,Star Wars: Republic Commando,XB,2005.0,Shooter,Activision,0.48,0.17,0.0,0.02,0.67
11679,Quo Vadis,SAT,1995.0,Strategy,Glams,0.0,0.0,0.08,0.0,0.08
9815,Fat Princess: Fistful of Cake,PSP,2010.0,Action,Sony Computer Entertainment,0.08,0.02,0.0,0.02,0.12
10052,Phantom Dust,XB,2004.0,Action,Microsoft Game Studios,0.08,0.02,0.0,0.0,0.11
15032,Okashi na Shima no Peter Pan: Sweet Never Land,PSP,2011.0,Adventure,Quinrose,0.0,0.0,0.02,0.0,0.02
14664,Kidou Senshi V Gundam,SNES,1994.0,Action,Namco Bandai Games,0.0,0.0,0.03,0.0,0.03
3180,Donkey Kong Barrel Blast,Wii,2007.0,Racing,Nintendo,0.2,0.26,0.11,0.06,0.64
6533,Yakuza: Ishin,PS3,2014.0,Action,Sega,0.0,0.0,0.26,0.0,0.26
8122,World of Outlaws: Sprint Cars,X360,2010.0,Racing,THQ,0.17,0.0,0.0,0.01,0.18
7629,Shining Hearts,PSP,2010.0,Role-Playing,Sega,0.0,0.0,0.2,0.0,0.2
4710,BlazBlue: Continuum Shift,PS3,2010.0,Fighting,PQube,0.21,0.08,0.09,0.04,0.41
15637,Kimikare: New Semester,PSP,2012.0,Action,Idea Factory,0.0,0.0,0.02,0.0,0.02
16462,Rugby World Cup 2015,PC,2015.0,Sports,Ubisoft,0.0,0.01,0.0,0.0,0.01
14295,Monster Rancher Hop-A-Bout,PS,2000.0,Action,Tecmo Koei,0.02,0.01,0.0,0.0,0.03
16317,Really? Really! DS,DS,2009.0,Adventure,Kadokawa Shoten,0.0,0.0,0.01,0.0,0.01
13336,Cabela's African Safari,PSP,2006.0,Sports,Activision Value,0.04,0.0,0.0,0.0,0.05
6938,God Eater 2,PSP,2013.0,Role-Playing,Namco Bandai Games,0.0,0.0,0.24,0.0,0.24
5955,Thief (2014),X360,2014.0,Action,Square Enix,0.14,0.13,0.0,0.03,0.3
998,BioShock Infinite,PS3,2013.0,Shooter,Take-Two Interactive,0.72,0.69,0.04,0.31,1.76
8653,Nicktoons: MLB,Wii,2011.0,Sports,Take-Two Interactive,0.15,0.0,0.0,0.01,0.16
3473,Tales of Phantasia,PS,1998.0,Role-Playing,Namco Bandai Games,0.0,0.0,0.54,0.04,0.58
6792,Command & Conquer 3: Kane's Wrath,X360,2008.0,Strategy,Electronic Arts,0.16,0.06,0.0,0.02,0.24
9491,TRON: Evolution,PSP,2010.0,Action,Disney Interactive Studios,0.09,0.02,0.0,0.02,0.13
15291,Military History: Commander - Europe at War,PSP,2009.0,Strategy,Slitherine Software,0.0,0.01,0.0,0.01,0.02
10727,The Land Before Time: Great Valley Racing Adventure,PS,2001.0,Racing,TDK Mediactive,0.05,0.04,0.0,0.01,0.1
13307,Punch King,GBA,2002.0,Fighting,Acclaim Entertainment,0.03,0.01,0.0,0.0,0.05
1361,Sonic Generations,X360,2011.0,Platform,Sega,0.71,0.57,0.0,0.14,1.42
3303,Cabela's Monster Buck Hunter,Wii,2010.0,Sports,Activision,0.58,0.0,0.0,0.03,0.61
13516,The King of Fighters 2000,PS2,2002.0,Fighting,Playmore,0.0,0.0,0.04,0.0,0.04
5298,One Piece: Gigant Battle 2 Shin Sekai,DS,2011.0,Fighting,Namco Bandai Games,0.0,0.0,0.35,0.0,0.35
15016,Xenosaga I·II,DS,2006.0,Role-Playing,Namco Bandai Games,0.0,0.0,0.02,0.0,0.02
6893,Samurai Warriors 4,PS4,2014.0,Action,Tecmo Koei,0.08,0.07,0.06,0.03,0.24
4842,Rocket Power: Dream Scheme,GBA,2001.0,Action,THQ,0.29,0.11,0.0,0.01,0.4
524,Imagine: Fashion Designer,DS,2007.0,Simulation,Ubisoft,1.32,1.19,0.0,0.3,2.81
11630,The Dukes of Hazzard: Return of the General Lee,XB,2004.0,Racing,Ubisoft,0.06,0.02,0.0,0.0,0.08
9436,Wantame Music Channel: Doko Demo Style,DS,2007.0,Misc,Capcom,0.0,0.0,0.13,0.0,0.13
11604,Agatha Christie: And Then There Were None,Wii,2008.0,Adventure,The Adventure Company,0.06,0.01,0.0,0.01,0.08
572,Skylanders Giants,Wii,2012.0,Action,Activision,1.56,0.88,0.0,0.22,2.65
12404,Valentino Rossi: The Game,PS4,2016.0,Racing,Namco Bandai Games,0.01,0.05,0.0,0.01,0.06
14993,Bomberman Fantasy Race,PS,1998.0,Racing,Virgin Interactive,0.01,0.01,0.0,0.0,0.02
11855,River King: Mystic Valley (US sales),DS,2007.0,Sports,Rising Star Games,0.07,0.0,0.0,0.0,0.07
16561,Pro Evolution Soccer 2008,PC,2007.0,Sports,Konami Digital Entertainment,0.0,0.01,0.0,0.0,0.01
2340,CSI: Hard Evidence,Wii,2008.0,Adventure,Ubisoft,0.36,0.43,0.0,0.1,0.89
4495,Alpha Protocol,PS3,2010.0,Role-Playing,Sega,0.19,0.18,0.0,0.07,0.43
4468,Barbie: Groom and Glam Pups,DS,2010.0,Action,THQ,0.26,0.14,0.0,0.04,0.44
2570,Moto Racer,PS,1997.0,Racing,Electronic Arts,0.45,0.3,0.0,0.05,0.8
14886,Tank Beat,DS,2006.0,Strategy,Midas Interactive Entertainment,0.01,0.01,0.0,0.0,0.03
2258,Space Jam,PS,1996.0,Sports,Acclaim Entertainment,0.51,0.35,0.0,0.06,0.92
418,L.A. Noire,PS3,2011.0,Adventure,Take-Two Interactive,1.27,1.33,0.12,0.51,3.23
5821,LEGO Legends of Chima: Laval's Journey,3DS,2013.0,Adventure,Warner Bros. Interactive Entertainment,0.18,0.1,0.0,0.03,0.31
9396,MLB 11: The Show,PS2,2011.0,Sports,Sony Computer Entertainment,0.06,0.05,0.0,0.02,0.13
14719,Pro Cast Sports Fishing,XB,2003.0,Sports,Capcom,0.02,0.01,0.0,0.0,0.03
12963,Air Conflicts: Aces of World War II,PSP,2009.0,Simulation,Graffiti,0.05,0.0,0.0,0.0,0.05
15395,Crayon Shin-Chan: Uchuu de Achoo!? Yuujou no Oba-Karate!!,3DS,2011.0,Action,Namco Bandai Games,0.0,0.0,0.02,0.0,0.02
7182,Battleborn,PS4,2016.0,Shooter,Take-Two Interactive,0.09,0.08,0.01,0.04,0.22
6207,UEFA Euro 2016,PS4,2016.0,Sports,Konami Digital Entertainment,0.0,0.21,0.03,0.03,0.28
15751,Just Cause,PC,2006.0,Action,Eidos Interactive,0.0,0.01,0.0,0.0,0.02
3139,Spyro: A Hero's Tail,PS2,2004.0,Platform,Vivendi Games,0.32,0.25,0.0,0.08,0.64
9503,Hitman 2: Silent Assassin,GC,2003.0,Action,Eidos Interactive,0.1,0.03,0.0,0.0,0.13
1680,SolarStriker,GB,1989.0,Shooter,Nintendo,0.4,0.39,0.36,0.04,1.2
8829,Build-A-Bear Workshop: Welcome to Hugsville,DS,2010.0,Misc,Game Factory,0.14,0.0,0.0,0.01,0.15
6572,Star Trek: The Game,PS3,2013.0,Action,Namco Bandai Games,0.1,0.11,0.0,0.05,0.26
8920,Capcom Classics Collection,XB,2005.0,Misc,Capcom,0.11,0.03,0.0,0.01,0.15
9139,Eternal Poison,PS2,2008.0,Role-Playing,Banpresto,0.07,0.05,0.0,0.02,0.14
15845,Pachi-Slot Higrashi no Naku Koro ni Matsuri,PS2,2010.0,Misc,Alchemist,0.0,0.0,0.02,0.0,0.02
5285,Disney's Tarzan: Return to the Jungle,GBA,2002.0,Action,Activision,0.25,0.09,0.0,0.01,0.35
13224,Johnny Bazookatone,PS,1995.0,Platform,U.S. Gold,0.03,0.02,0.0,0.0,0.05
15133,Twinkle * Crusaders GoGo!,PSP,2010.0,Adventure,ASCII Media Works,0.0,0.0,0.02,0.0,0.02
5274,Picross 2,GB,1996.0,Puzzle,Nintendo,0.0,0.0,0.35,0.0,0.35
8383,James Bond 007: Everything or Nothing,GBA,2003.0,Shooter,Electronic Arts,0.12,0.04,0.0,0.0,0.17
4081,Rayman Raving Rabbids: TV Party,DS,2008.0,Misc,Ubisoft,0.44,0.01,0.0,0.04,0.49
8692,Infected,PSP,2005.0,Shooter,THQ,0.14,0.0,0.0,0.01,0.16
4572,Ben 10 Alien Force: Vilgax Attacks,DS,2009.0,Action,D3Publisher,0.22,0.16,0.0,0.04,0.42
8453,The Sims 3: Seasons,PC,2012.0,Simulation,Electronic Arts,0.0,0.13,0.0,0.03,0.17
3323,Dragon Ball Z: Buu's Fury,GBA,2004.0,Action,Atari,0.44,0.16,0.0,0.01,0.61
2853,Mobile Suit Gundam: Encounters in Space,PS2,2003.0,Simulation,Namco Bandai Games,0.05,0.04,0.61,0.01,0.72
9486,Rango: The Video Game,X360,2011.0,Action,Electronic Arts,0.06,0.06,0.0,0.01,0.13
6098,PGA Tour 97,PS,1996.0,Sports,Electronic Arts,0.16,0.11,0.0,0.02,0.29
10506,The Story of Noah's Ark,DS,2010.0,Action,SouthPeak Games,0.1,0.0,0.0,0.01,0.1
8539,Midway Arcade Treasures 3,PS2,2005.0,Misc,Midway Games,0.08,0.06,0.0,0.02,0.16
1432,Yoshi's New Island,3DS,2014.0,Platform,Nintendo,0.47,0.51,0.28,0.09,1.36
13977,Mr. Driller,PS,1999.0,Puzzle,Namco Bandai Games,0.02,0.01,0.0,0.0,0.04
8898,Strawberry Shortcake: Game Boy Advance Video Volume 1,GBA,2004.0,Misc,,0.11,0.04,0.0,0.0,0.15
12938,Dengeki Gakuen RPG: Cross of Venus,DS,2009.0,Role-Playing,ASCII Media Works,0.0,0.0,0.05,0.0,0.05
15136,RedCard 20-03,GC,2002.0,Sports,Midway Games,0.02,0.0,0.0,0.0,0.02
9420,Persona 4: Arena,X360,2012.0,Fighting,Atlus,0.08,0.02,0.03,0.01,0.13
12794,Gunbird,SAT,1995.0,Shooter,Atlus,0.0,0.0,0.06,0.0,0.06
7011,Tom Clancy's Splinter Cell,GC,2003.0,Action,Ubisoft,0.18,0.05,0.0,0.01,0.23
10404,Dead to Rights II,XB,2005.0,Shooter,Electronic Arts,0.08,0.02,0.0,0.0,0.11
12664,Katekyoo Hitman Reborn! DS: Flame Rumble Mukuro Kyoushuu,DS,2007.0,Fighting,Takara Tomy,0.0,0.0,0.06,0.0,0.06
7513,Frogger 3D,3DS,2011.0,Action,Konami Digital Entertainment,0.16,0.03,0.0,0.01,0.2
9073,Senran Kagura Burst: Guren no Sh?jo-tachi,3DS,2012.0,Action,Marvelous Entertainment,0.0,0.0,0.14,0.0,0.14
3598,Final Fantasy IV: The Complete Collection,PSP,2011.0,Role-Playing,Square Enix,0.13,0.09,0.27,0.06,0.56
8423,Nobunaga no Yabou: Tenshoki,SNES,1996.0,Strategy,Tecmo Koei,0.0,0.0,0.17,0.0,0.17
1107,Dragon Ball Z: Budokai Tenkaichi,PS2,2005.0,Fighting,Atari,0.96,0.12,0.54,0.04,1.66
5230,Rapala Pro Fishing,PS2,2004.0,Sports,Zoo Digital Publishing,0.18,0.14,0.0,0.05,0.36
9544,7 Wonders of the Ancient World,DS,2007.0,Puzzle,Funsta,0.1,0.01,0.0,0.01,0.13
6001,Ratchet & Clank: Size Matters,PS2,2008.0,Platform,Sony Computer Entertainment,0.13,0.1,0.03,0.03,0.29
13420,Sesame Street: Elmo's A-to-Zoo Adventure,PC,2010.0,Misc,Warner Bros. Interactive Entertainment,0.04,0.0,0.0,0.0,0.05
7496,The Wolf Among Us,PS4,2014.0,Adventure,Telltale Games,0.1,0.07,0.0,0.03,0.21
12548,Rapala Pro Fishing,GBA,2004.0,Sports,Zoo Digital Publishing,0.04,0.02,0.0,0.0,0.06
10203,Soma Bringer,DS,2008.0,Role-Playing,Nintendo,0.0,0.0,0.11,0.0,0.11
16115,1/2 Summer +,PSP,2013.0,Adventure,Kaga Create,0.0,0.0,0.01,0.0,0.01
15272,Sniper Elite V2,WiiU,2013.0,Shooter,505 Games,0.0,0.02,0.0,0.0,0.02
8355,Family Feud Decades,Wii,2010.0,Misc,Ubisoft,0.16,0.0,0.0,0.01,0.17
9134,Blazing Angels 2: Secret Missions of WWII,X360,2007.0,Simulation,Ubisoft,0.11,0.02,0.0,0.01,0.14
249,Tony Hawk's Pro Skater 3,PS2,2001.0,Sports,Activision,2.66,1.29,0.01,0.46,4.41
15135,Rule of Rose,PS2,2006.0,Action,505 Games,0.01,0.01,0.0,0.0,0.02
9645,Quantum Redshift,XB,2002.0,Racing,Microsoft Game Studios,0.09,0.03,0.0,0.0,0.13
12672,Teenage Mutant Ninja Turtles II: Back from the Sewers,GB,1991.0,Action,Konami Digital Entertainment,0.0,0.0,0.06,0.0,0.06
5875,Jonas,DS,2009.0,Adventure,Disney Interactive Studios,0.28,0.0,0.0,0.02,0.3
6876,NCAA College Basketball 2K3,PS2,2002.0,Sports,Sega,0.12,0.09,0.0,0.03,0.24
9188,Tim Burton's The Nightmare Before Christmas: The Pumpkin King,GBA,2005.0,Platform,Disney Interactive Studios,0.1,0.04,0.0,0.0,0.14
2597,pro evolution soccer 2011,PSP,2010.0,Sports,Konami Digital Entertainment,0.05,0.3,0.29,0.16,0.79
2733,Wall-E,PS2,2008.0,Platform,THQ,0.21,0.0,0.0,0.54,0.75
11954,Showtime Championship Boxing,Wii,2007.0,Fighting,Zoo Digital Publishing,0.06,0.0,0.0,0.01,0.07
117,Crash Bandicoot,PS,1996.0,Platform,Sony Computer Entertainment,3.23,2.35,0.94,0.3,6.82
2803,Madden NFL 10,Wii,2009.0,Sports,Electronic Arts,0.63,0.04,0.0,0.06,0.73
3749,Epic Mickey 2: The Power of Two,X360,2012.0,Action,Disney Interactive Studios,0.32,0.17,0.0,0.04,0.54
185,Super Mario Land 3: Wario Land,GB,1994.0,Platform,Nintendo,2.49,0.98,1.57,0.15,5.19
15696,SD Gundam Force,GBA,2004.0,Shooter,Namco Bandai Games,0.01,0.0,0.0,0.0,0.02
5535,Parodius,PS,1994.0,Shooter,Konami Digital Entertainment,0.0,0.0,0.31,0.02,0.33
15984,Coven and Labyrinth of Refrain,PSV,2016.0,Action,Nippon Ichi Software,0.0,0.0,0.01,0.0,0.01
5141,Dishonored,PS4,2015.0,Action,Bethesda Softworks,0.11,0.18,0.02,0.06,0.37
4857,Mystery Dungeon: Shiren the Wanderer,SNES,1995.0,Role-Playing,ChunSoft,0.0,0.0,0.4,0.0,0.4
12577,Imagine: Resort Owner,DS,2010.0,Strategy,Ubisoft,0.05,0.0,0.0,0.0,0.06
773,Toy Story 3: The Video Game,DS,2010.0,Action,Disney Interactive Studios,0.93,0.97,0.02,0.21,2.12
14982,Vantage Master Portable,PSP,2008.0,Role-Playing,Falcom Corporation,0.0,0.0,0.02,0.0,0.02
2832,Final Fantasy XIV: A Realm Reborn,PS4,2014.0,Role-Playing,Square Enix,0.32,0.22,0.08,0.1,0.72
3068,Puzzler Brain Games,Wii,2012.0,Puzzle,Namco Bandai Games,0.0,0.0,0.66,0.0,0.66
3371,Blur,X360,2010.0,Racing,Activision,0.25,0.28,0.0,0.06,0.6
3839,Metal Gear Solid 2: Substance,PS2,2002.0,Action,Konami Digital Entertainment,0.18,0.14,0.16,0.05,0.52
4531,How to Train Your Dragon,Wii,2010.0,Action,Activision,0.24,0.15,0.0,0.04,0.43
14766,Infinite Stratos 2: Ignition Hearts,PS3,2014.0,Adventure,5pb,0.0,0.0,0.03,0.0,0.03
9554,Backyard Baseball,GC,2003.0,Sports,Infogrames,0.1,0.03,0.0,0.0,0.13
2693,Driv3r,XB,2004.0,Racing,Atari,0.36,0.38,0.0,0.03,0.76
6026,Top Gear Overdrive,N64,1998.0,Racing,Kemco,0.23,0.06,0.0,0.0,0.29
10313,Langrisser IV,SAT,1997.0,Strategy,NCS,0.0,0.0,0.11,0.0,0.11
